subjectId,name,type
45491,环保科学,化学
53010,生物高考复习3,校本课程
53011,生物高考复习4,校本课程
53012,语文高考复习3,校本课程
53013,语文高考复习4,校本课程
53014,化学高考复习3,校本课程
53015,化学高考复习4,校本课程
53016,英语高考复习3,校本课程
53017,英语高考复习4,校本课程
53022,数学高考复习3,校本课程
53023,数学高考复习4,校本课程
53024,物理高考复习3,校本课程
53025,物理高考复习4,校本课程
53002,生物高考复习1,校本课程
53003,生物高考复习2,校本课程
52977,语文高考复习1,校本课程
52978,语文高考复习2,校本课程
53000,化学高考复习1,校本课程
53001,化学高考复习2,校本课程
52979,英语高考复习1,校本课程
52987,英语高考复习2,校本课程
52981,数学高考复习1,校本课程
52982,数学高考复习2,校本课程
52998,物理高考复习1,校本课程
52999,物理高考复习2,校本课程
47592,生物选修1（4）,生物
47108,生物选修3（5）,生物
47724,语文现当代散文名作欣赏（1）,语文
52969,公民课程14-15-2,校本课程
47514,化学选修2（2）,化学
47125,化学选修5（4）,化学
47141,英语初级文学阅读（Looking For Alaska ）（1）,英语
47664,英语中级文学阅读（The Unlikely Pilgrimage of Harold Fry ）（2）,英语
47612,数学选修2-2（4）,数学
47280,数学必修2-3（1）,数学
47559,男子软式垒球初级,体育
47347,物理选修3-4（1）,物理
47634,物理选修3-5（4）,物理
47371,政治必修3（4）,思想政治
52968,公民课程14-15-1,校本课程
45508,化学选修1,化学
48341,化学选修4,化学
45200,英语中级文学阅读（4）,英语
45225,地理必修3,地理
45237,历史必修3,历史
45263,数学必修3（理）（5）,数学
49076,数学选修2-1,数学
48662,粘土手工设计与制作,艺术
48599,吉他初级,艺术
49029,研究性学习活动2,研究性学习活动
48853,生物必修3,生物
48000,地板球初级(男),体育
48900,物理选修3-1,物理
49052,唐宋八大家文选,语文
49112,英语文学阅读5,英语
49060,政治必修4,思想政治
45291,空竹初级（2）,体育
45301,物理选修3-2（4）,物理
48837,电视节目设计制作,综合技术
49033,语文必修4,语文
49116,信息必修1,信息技术
48576,男子羽毛球2,体育
49073,美国BSCS生物实验,生物
48878,英语必修3,英语
48865,物理必修2,物理
48823,戏剧表演,艺术
48349,地理必修2,地理
49056,数学必修2,数学
49034,语文必修3,语文
49039,政治必修2,思想政治
48353,心智培训,校本课程
48211,节奏乐坊,艺术
49044,研究性学习活动1,研究性学习活动
49032,化学必修2,化学
47858,公民课程13-14.2,校本课程
48869,历史必修2,历史
48741,生物必修2,生物
49045,英语必修4,英语
49114,男子地板球2,体育
49035,数学必修5,数学
49117,音响操作与现场录制（学段制）,艺术
49317,公民课程134.1,校本课程
48887,政治必修1,思想政治
48686,数学必修4,数学
48866,历史必修1,历史
48855,生物必修1,生物
49038,英语必修1,英语
48913,通用必修1,通用技术
48274,美国BSCS生物实验,体育
48905,化学必修1,化学
49036,军训,社会实践
48763,北大讲堂课-人文,校本课程
48518,拓展训练课程,校本课程
48316,摄影,艺术
49042,语文必修2,语文
48862,物理必修1,物理
48810,男子田径,体育
48954,通用必修2,通用技术
48594,男子羽毛球1,体育
49048,英语必修2,英语
49030,语文必修1,语文
48133,北大讲堂课-科学,校本课程
48654,地理必修1,地理
48908,数学必修1,数学
320863,社区服务6(2017届),社区服务
320860,研究性学习6(2017届),研究性学习活动
312244,Frankenstein,校本课程
312029,物理选修3-3（热学研修）,物理
320866,社会实践6(2017届),社会实践
305712,Intensive Reading,校本课程
56098,经典名曲赏析,艺术
55997,諸子百家研讀,语文
56013,日本文学选读,语文
56000,海明威短篇小说选,语文
56251,微积分1,校本课程
56049,大学先修-中国通史（古代部分）,校本课程
321611,社会实践5(2017届),社会实践
52324,国文基础阅读(诗歌部分),语文
51521,公民课程,校本课程
52239,化学选修5,化学
57107,社区服务4(2017届),社区服务
52569,地理必修2,地理
52214,地理必修3,地理
52668,英文报刊选读,英语
52747,数字素养,信息技术
52459,数学荣誉课程4,数学
52380,篮球初级,体育
52682,篮球中级,体育
52190,物理选修3-4研修,物理
52519,政治必修3,思想政治
50699,生物必修3,生物
50879,理论生态学与建模,校本课程
47697,公民课程,校本课程
50749,化学选修1,化学
50756,化学选修4,化学
50770,历史必修3,历史
50459,数学荣誉课程3,数学
50501,篮球初级,体育
50886,软式棒垒球初级,体育
50626,物理选修3-1(电学研修),物理
50627,物理选修3-2(电学研修),物理
50617,政治必修4,思想政治
47585,生物必修2（3）,生物
47783,语文《古文观止》研读（2）,语文
47508,化学必修2（1）,化学
47144,英语中级文学阅读（短篇小说）（2）,英语
47617,素描（初级）,艺术
47234,历史必修2（4）,历史
52939,研究性学习2(2017届),研究性学习活动
47249,信息技术文化（2）,信息技术
47291,数学荣誉课程2（3）,数学
47556,男子田径,体育
47310,男子乒乓球中级,体育
47343,物理必修2（力学研修）（1）,物理
45177,生物必修1,生物
45128,《史记》人物传记研读,语文
49141,化学必修1,化学
45191,英语文学阅读1（3）,英语
45382,通用学术英语（学期）,校本课程
45377,历史地理专题,校本课程
52938,研究性学习1(2017届),研究性学习活动
45269,数学荣誉课程1(1),数学
47947,北大讲堂课-人文,校本课程
49296,军训,社会实践
49130,拓展训练课程,校本课程
49273,物理必修1,物理
48707,书院杯篮球课,体育
47881,《唐诗三百首》赏读,语文
48814,元培历史必修1,历史
45281,乒乓球初级（男）,体育
45313,政治必修1（3）,思想政治
45452,纪录片创作---学期课(2),艺术
52435,电影艺术基础,艺术
52871,Latin 2,校本课程
52855,Cognitive Science: Human Minds and Artificial Intelligence,校本课程
50880,文化地理专题,校本课程
50670,服装设计,通用技术
50837,A Tale of Two Cities,英语
51417,Latin 1,校本课程
50449,柔道初级,体育
47593,生物选修1（5）,生物
47187,格物书院舞蹈节剧组（学期）,艺术
47688,背包旅行与异域文化,校本课程
47259,走出校园实用英文（2）,校本课程
47781,德语,校本课程
47266,Oscar Wilde's Tales 导读,英语
47476,The Great Gatsby 导读,英语
47295,微积分1（1）,校本课程
45463,男、女混合乒乓球俱乐部1学年课,体育
47679,政治必修3（2）,思想政治
45123,生物必修3,生物
45261,数学必修3（理）（3）,数学
49065,《镜--当代散文名作》欣赏,语文
48066,数学选修2-1,数学
49088,女子乒乓球1,体育
47961,物理选修3-1,物理
49055,地理必修3,地理
48236,英语文学阅读5,英语
47998,社会实践2,社会实践
47967,政治必修4,思想政治
48235,一个专业_一个世界(包括外请专家讲座),校本课程
48652,女子乒乓球2,体育
48844,通用必修1,通用技术
49031,数学必修2,数学
48484,女子跆拳道2,体育
49086,格物书院舞蹈节剧组(学期制),艺术
49040,音响操作与现场录制,艺术
49049,通用必修2,通用技术
49054,数学必修5,数学
49046,信息必修1,信息技术
48661,平面设计(美术),艺术
49066,华尔兹（学段制）,艺术
49062,北京的变迁,校本课程
48901,信息选修1,信息技术
48498,女子健美操、瑜伽1,体育
48021,女子田径,体育
47115,元培生物SL4（3）,生物
47713,语文唐宋八大家文选（1）,语文
47135,化学荣誉课程4SL,化学
47161,通用学术英语,校本课程
47186,"钢琴演奏工作室2
（学期）",艺术
47195,踢踏舞入门,艺术
47292,元培数学荣誉课程4HL（1）,数学
47339,女子艺术体操中级,体育
49322,体育舞蹈,体育
47356,物理荣誉课程4SL,物理
45387,中国现当代散文欣赏,语文
45140,化学荣誉课程3,化学
45378,文化地理专题,校本课程
45245,Java程序设计,信息技术
45273,数学荣誉课程3SL(1),数学
49090,女子地板球1,体育
48166,元培哲学,思想政治
49253,红楼梦,语文
47995,西方音乐史(古典、浪漫时期音乐体验),艺术
49254,英语文学阅读5,英语
45282,乒乓球初级（女）,体育
45309,物理荣誉课程3SL,物理
49139,力学专题研修,校本课程
49225,英语必修3-HL,英语
48321,女子艺术体操,体育
48734,中国近现代史,历史
49233,语文必修4-SL,语文
49231,地貌学,地理
48894,数学必修2-SL,数学
49250,数学必修5-SL,数学
49217,生物必修1(SL),生物
48651,女子田径,体育
49232,语文必修3-SL,语文
49246,物理选修3-1-SL,物理
47873,法学,思想政治
49229,无机化学3(SL),化学
49247,英语必修4-SL,英语
48591,政治学,思想政治
49220,语文必修2-SL,语文
49241,信息必修1,信息技术
49213,语文必修1-SL,语文
48082,女子排球1,体育
48724,生物必修2(SL),生物
48874,物理必修2-SL,物理
49248,物理必修1-SL,物理
48154,无伴奏人声合唱II,艺术
49218,数学必修1-SL,数学
49228,数学必修4-SL,数学
49222,化学必修1-SL,化学
48915,英语必修2-HL,英语
48884,自然地理学,地理
48802,生物必修3(SL),生物
48582,经济学,思想政治
49230,无机化学2-SL,化学
49053,女子排球2,体育
48356,舞蹈(牛仔舞),艺术
49211,英语必修1-SL,英语
52334,西方文学选读,语文
52404,吉他(初级),艺术
52443,烘焙技术,通用技术
51549,足球俱乐部,体育
51011,生物荣誉课程1,生物
50840,Hamlet,英语
50605,网络安全,信息技术
51375,Spanish Level 1,校本课程
51393,Business & Finance Mathematics,校本课程
50716,足球俱乐部,体育
47134,化学荣誉课程4SL,化学
47214,地理必修2（1）,地理
47597,世界近现代史（2）,历史
47686,周易研读,语文
47691,走出校园实用英文,校本选修
47293,元培数学荣誉课程4HL（2）,数学
47297,图论,校本课程
47554,男子地板球初级,体育
47320,男子足球高级,体育
45459,男、女混合足球俱乐部（1学年）,体育
47629,物理选修3-3（1）,物理
47350,物理选修3-4（4）,物理
47374,元培政治学（2）,思想政治
45141,化学荣誉课程3,化学
45361,《韩非子》研读,语文
45243,算法与程序设计（C）,信息技术
48787,生物必修1,生物
49269,万历十五年,历史
49122,英语文学阅读5,英语
45310,物理荣誉课程3HL,物理
45390,大学先修微积分I(学期课),校本课程
45438,Economics 1.1,思想政治
48914,无机化学实验,校本课程
48635,文化地理专题,地理
48767,物理选修3-2-HL,物理
48609,自然地理学,地理
49235,数学必修5-HL,数学
49089,男子足球2,体育
48536,物理选修3-1-SL,物理
49239,数学必修2-HL,数学
48219,探戈,艺术
48836,男子排球1,体育
48566,男子软式垒球,体育
48883,信息技术必修1,信息技术
48565,数学与文化I,数学
49226,物理必修2-SL,物理
49255,物理必修1-SL,物理
48112,5、6、7单元男足,体育
49251,化学必修1-SL,化学
49234,数学必修4-HL,数学
48616,摄影,艺术
48469,历史地理专题,人文
49236,数学必修1-HL,数学
47733,语文《老子》研读,语文
47121,化学选修1,化学
47599,书籍设计,艺术
47200,音响操作与现场录制,艺术
45262,数学必修3（理）（4）,数学
47926,生物必修3,生物
48043,福柯之《疯癫与文明》导读,思想政治
45477,Spanish 1.2,其他
48036,平面设计(美术),艺术
47934,政治必修3,思想政治
47839,物理选修3-4,物理
47907,男子空竹,体育
47945,物理选修3-5,物理
47963,极限飞盘(男女混合授课),体育
48298,插画初级,艺术
47898,研究性学习活动2,研究性学习活动
48467,男子乒乓球2,体育
47931,物理选修3-1,物理
48461,数学选修3-2,数学
47889,极限飞盘(男女混合授课),体育
48453,语文必修4,语文
47850,研究性学习活动1,研究性学习活动
48470,语文必修3,语文
48059,通用必修1,通用技术
48455,语文必修2,语文
48474,地理必修1,地理
47867,军训,社会实践
47842,拓展训练课程,校本课程
47968,摄影,艺术
48471,语文必修1,语文
325510,生物高考复习3,校本课程
325511,生物高考复习4,校本课程
325512,语文高考复习3,校本课程
325513,语文高考复习4,校本课程
325514,化学高考复习3,校本课程
325515,化学高考复习4,校本课程
325516,英语高考复习3,校本课程
325517,英语高考复习4,校本课程
325522,数学高考复习3,校本课程
325523,数学高考复习4,校本课程
325524,物理高考复习3,校本课程
325525,物理高考复习4,校本课程
305713,生物高考复习1,校本课程
312380,生物高考复习2,校本课程
305781,语文高考复习1,校本课程
312381,语文高考复习2,校本课程
305875,化学高考复习1,校本课程
312382,化学高考复习2,校本课程
305873,英语高考复习1,校本课程
312383,英语高考复习2,校本课程
305872,数学高考复习1,校本课程
312386,数学高考复习2,校本课程
305874,物理高考复习1,校本课程
312387,物理高考复习 2,校本课程
52228,生物选修1,生物
52517,生物选修3,生物
52650,国文基础阅读(文言文部分),语文
52325,中国现当代小说选读,语文
51525,公民课程,校本课程
52500,化学选修2,化学
52187,化学选修5,化学
52193,Tuesday with Morrie,英语
52506,We were Liars,英语
52211,地理必修3,地理
57098,研究性学习4(2017届),研究性学习活动
52438,数字素养,信息技术
52552,数学选修2-2,数学
52243,数学选修2-3,数学
52557,数学选修4-1,数学
52248,数学选修4-4,数学
52676,田径,体育
52397,书院杯足球赛,体育
52458,物理荣誉课程4,物理
52524,政治必修3,思想政治
50613,生物必修3,生物
50643,中国现当代小说选读,语文
50989,西方文学选读,语文
47701,公民课程,校本课程
50680,化学选修1,化学
50677,化学选修4,化学
50865,Divergent,英语
50866,The Fault In Our Stars,英语
50897,流行乐队演奏,艺术
50769,历史必修3,历史
50946,数学必修3,数学
50949,数学选修2-1,数学
50706,物理荣誉课程3,物理
50616,政治必修4,思想政治
50634,创意电子,综合技术
50440,创意设计与制作(初级),综合技术
47101,生物必修2（2）,生物
47732,语文现当代散文名作欣赏（2）,语文
47750,语文《论语》研读,语文
47511,化学必修2（4）,化学
47153,英语中级文学阅读（The Rosie Project）（3）,英语
47182,流行乐队演奏（学期）,艺术
47189,诚意书院舞蹈节剧组（学期）,艺术
47488,地理必修2（3）,地理
47533,历史必修2（1）,历史
47600,数学必修2（1）,数学
47269,数学必修5（1）,数学
47316,男女混合足球赛事,体育
47327,男子篮球中级,体育
47354,物理荣誉课程2（1）,物理
47366,政治必修2（5）,思想政治
49340,心智活动,校本课程
45129,《史记》人物传记研读,语文
45133,化学必修1,化学
52936,社区服务1(2017届),社区服务
45196,英语文学阅读1（9）,英语
49294,地理必修1,地理
45235,历史必修1,历史
49302,数学必修1,数学
45251,数学必修4（2）,数学
49161,鲁迅作品选读,语文
48597,男子足球1,体育
49304,多媒体技术,信息技术
45154,足球中级（男）（1）,体育
45307,物理荣誉课程1（1）,物理
45315,政治必修1（5）,思想政治
45406,流行乐队演奏(学期制),艺术
325518,地理高考复习3,校本课程
325519,地理高考复习4,校本课程
325520,历史高考复习3,校本课程
325521,历史高考复习4,校本课程
325526,政治高考复习3,校本课程
325527,政治高考复习4,校本课程
321711,社区服务5(2017届),社区服务
305878,地理高考复习1,校本课程
312384,地理高考复习2,校本课程
305877,历史高考复习1,校本课程
312385,历史高考复习2,校本课程
305876,政治高考复习1,校本课程
312388,政治高考复习2,校本课程
52320,《唐诗三百首》赏读,语文
51523,公民课程,校本课程
52210,化学选修1,化学
52216,Tuesday with Morrie,英语
52241,地理选修3,地理
52550,地理选修5,地理
52189,历史选修1,历史
52502,历史选修4,历史
52208,数学选修1-1,数学
52677,田径,体育
52933,健身课,体育
52230,政治必修3,思想政治
52532,政治选修3,思想政治
57105,社会实践4(2017届),社会实践
50517,红楼一梦,语文
50514,美学散步,语文
47699,公民课程,校本课程
50860,Divergent,英语
50479,地理必修3,地理
50767,历史必修3,历史
50686,数学必修3,数学
50685,数学选修1-2,数学
50809,空竹初级,体育
50831,书院篮球赛事,体育
51010,物理选修1-1,物理
50615,政治必修4,思想政治
50969,政治选修2,思想政治
50469,简易机器人制作,综合技术
47583,生物必修2（1）,生物
47748,语文《孟子》研读（2）,语文
47154,英语中级文学阅读（The Glass Castle）（1）,英语
47190,正心书院舞蹈节剧组（学期）,艺术
47225,服装设计（1）,通用技术
47231,历史必修2（1）,历史
47246,批判性思维基础课程,校本课程
47499,多媒体技术（1）,信息技术
47527,简单学JAVA,信息技术
47602,数学必修2（3）,数学
47270,数学必修5（2）,数学
45519,篮球俱乐部,体育
47365,政治必修2（4）,思想政治
52941,社会实践2(2017届),社会实践
45120,生物必修1,生物
45388,中国现当代散文欣赏,语文
45132,化学必修1,化学
45194,英语文学阅读1（7）,英语
45203,插画,艺术
45221,地理必修1,地理
49299,历史必修1,历史
48511,摄影,艺术
48623,书院杯篮球课,体育
49295,政治必修1,思想政治
52940,社会实践1(2017届),社会实践
45400,正心书院戏剧节剧组学期课,艺术
45397,日语基础课程(4),校本课程
56003,被隐去的历史—中国古代女性史,历史
56018,近代中国女性与社会,历史
56191,健美操初级,体育
56194,健美操中级,体育
51524,公民课程,校本课程
52525,化学选修1,化学
52201,Tuesday with Morrie,英语
52728,电影艺术基础,艺术
52750,建筑及其设计,通用技术
52362,性别研究,校本课程
52664,撒哈拉的故事——三毛流浪记,语文
52369,跆拳道初级,体育
52687,艺术体操中级,体育
52236,物理选修1-1,物理
52261,政治必修2,思想政治
50612,生物必修3,生物
47700,公民课程,校本课程
50745,粘土手工设计与制作(初级),艺术
50473,地理必修3,地理
50881,文化地理专题,校本课程
50534,张爱玲研读,语文
50483,拉丁舞初级(男女混合),体育
50482,体育舞蹈初级,体育
50441,创意设计与制作(初级),综合技术
47586,生物必修2（4）,生物
47784,语文现当代散文名作欣赏（4）,语文
52937,社区服务2(2017届),社区服务
47215,地理必修2（2）,地理
47244,背包旅行与异域文化,校本课程
47272,数学必修5（4),数学
47301,女子田径,体育
47571,女子艺术体操初级,体育
45352,红楼一梦,语文
45410,室内设计（1）,通用技术
45464,日语,校本课程
48131,戏剧表演,艺术
49306,《庄子》研读,语文
49092,女子羽毛球1,体育
48325,播音与主持,校本课程
45284,乒乓球中级（男女混合）,体育
45297,物理必修1（4）,物理
45311,政治必修1（1）,思想政治
45399,至善书院戏剧节剧组学期课,艺术
52204,生物选修1,生物
52530,生物选修3,生物
52651,国文基础阅读(诗歌部分),语文
52330,中国现当代散文欣赏,语文
52539,化学选修2,化学
52227,化学选修5,化学
52507,基础英语写作II,英语
52505,数学选修2-2,数学
52252,数学选修4-4,数学
52386,田径,体育
52199,物理选修3-4,物理
52520,物理选修3-5,物理
52215,政治必修3,思想政治
50804,《古文观止》选读,语文
50676,化学选修1,化学
50825,书院戏剧节,艺术
50472,地理必修3,地理
50580,历史必修3,历史
50947,数学选修2-1,数学
50650,跆拳道初级,体育
50480,艺术体操初级,体育
50462,物理选修3-1,物理
50465,物理选修3-2,物理
50935,心智活动,校本课程
47100,生物必修2（1）,生物
47723,语文唐宋八大家文选（2）,语文
47744,语文西方古典名著选读（2）,语文
47116,化学必修2（1）,化学
47658,英语中级文学阅读（The Glass Castle）（2）,英语
47248,信息技术文化（1）,信息技术
47601,数学必修2（2）,数学
47560,软式垒球初级,体育
47625,物理必修2（1）,物理
47382,模拟联合国,校本课程
45176,生物必修1,生物
49297,化学必修1,化学
45192,英语文学阅读1（4）,英语
45412,多媒体技术（1）,信息技术
45250,数学必修4（1）,数学
48888,女子柔道2,体育
48917,产品设计工作室,通用技术
45149,羽毛球初级（女）,体育
45295,物理必修1（2）,物理
45316,政治必修1（6）,思想政治
45404,诚意书院戏剧节剧组学期课,艺术
45467,校园歌曲编创(学期制),艺术
52348,Topical Discussion in English 1,英语
52403,演唱技巧(初级),艺术
52731,演唱技巧(高级),艺术
50878,理论生态学与建模,校本课程
50533,张爱玲研读,语文
50652,跆拳道俱乐部,体育
47717,语文《红楼梦》赏读（1）,语文
47507,烘焙技术,通用技术
47284,数学必修2-3（5）,数学
47329,女子跆拳道初级,体育
47569,女子跆拳道中级,体育
47670,元培法学,思想政治
47531,跨文化传播导论,校本课程
45409,混声合唱团学年课,艺术
45135,化学选修1,化学
45346,粘土手工设计与制作(初级),艺术
45260,数学必修3（理）（2）,数学
48329,女子艺术体操,体育
49174,苏轼词诠释,语文
49041,物理选修3-1,物理
49153,英语文学阅读5,英语
45159,艺术体操中级,体育
45300,物理选修3-2（3）,物理
45383,《国富论》导读,思想政治
45408,无伴奏人声合唱1学期课(2),艺术
49101,语文必修4,语文
48086,女子软式垒球,体育
49162,通用必修1,通用技术
49156,英语必修3,英语
49160,物理必修2,物理
48578,诚意书院舞蹈节剧组(学期制),艺术
48899,地理必修2,地理
48037,女子跆拳道3,体育
49100,语文必修3,语文
49167,政治必修2,思想政治
49163,通用必修2,通用技术
48347,化学必修2,化学
49164,历史必修2,历史
48555,生物必修2,生物
49157,英语必修4,英语
48858,政治必修1,思想政治
49097,无伴奏人声合唱（学段制）,艺术
48683,数学必修4,数学
48890,信息必修1,信息技术
48918,历史必修1,历史
48898,生物必修1,生物
48776,女子篮球1,体育
49154,英语必修1,英语
49158,化学必修1,化学
48783,吉他初级,艺术
48861,信息选修1,信息技术
49168,语文必修2,语文
48845,物理必修1,物理
48346,女子跆拳道2,体育
48573,英语必修2,英语
49155,语文必修1,语文
48681,地理必修1,地理
49165,数学必修1,数学
52196,生物选修1,生物
52508,化学选修2,化学
52547,Short Stories 2,英语
52434,戏剧表演,艺术
52377,田径,体育
50515,美学散步,语文
50719,The Book Thief,英语
50566,初级节奏欣赏与体验,艺术
50844,编剧,艺术
50821,书院篮球赛事,体育
47741,语文《红楼梦》赏读（3）,语文
47738,语文《孟子》研读（1）,语文
47648,音响操作与现场录制,艺术
47498,电影艺术基础,艺术
47306,男子乒乓球初级,体育
47567,男子软式垒球初级,体育
47638,物理中的类比,校本课程
47360,物理中的数学方法,校本课程
47363,政治必修2（2）,思想政治
45134,化学必修1,化学
45223,地理必修1,地理
45411,室内设计（2）,通用技术
45271,数学荣誉课程1(3),数学
49290,男子乒乓球2,体育
49292,高一新生适应与自我成长,校本课程
48330,信息技术文化,信息技术
45286,篮球初级（男）,体育
45312,政治必修1（2）,思想政治
320877,研究性学习5(2017届),研究性学习活动
52240,生物选修1,生物
52336,国文基础阅读(文言文部分),语文
51519,公民课程,校本课程
52538,化学选修2,化学
52546,All the Light We Cannot See,英语
52413,沙画表演,艺术
52222,数学选修2-3,数学
52560,数学选修4-1,数学
52245,数学选修4-4,数学
52710,旱地冰球初级,体育
52381,乒乓球初级,体育
52198,物理选修3-3,物理
52206,物理选修3-4,物理
52512,物理选修3-5,物理
52545,政治必修3,思想政治
50896,《史记》人物传记研读,语文
47695,公民课程,校本课程
50678,化学选修1,化学
50675,化学选修4,化学
50849,发动机模型与应用,通用技术
50583,历史必修3,历史
50794,田径,体育
50923,羽毛球中级,体育
50460,物理选修3-1,物理
50953,物理选修3-2,物理
50966,政治必修4,思想政治
51000,学长团社团课,校本课程
47716,语文《鲁迅作品选读》（1）,语文
47739,语文《唐诗三百首》赏读（1）,语文
47118,化学必修2（3）,化学
47647,音响操作与现场录制,艺术
47201,灯光操作（学期）,艺术
47582,摄影,艺术
47487,地理必修2（2）,地理
47230,室内设计（2）,通用技术
47608,数学必修2（9）,数学
47275,数学必修5（7）,数学
47323,男子篮球初级,体育
47628,物理必修2（力学研修）,物理
47362,政治必修2（1）,思想政治
45119,生物必修1,生物
45366,杜甫诗歌赏析,语文
45142,高一英语基础课（1）,英语
45348,平面设计,艺术
45231,历史必修1,历史
45241,算法与程序设计（VB）（1）,信息技术
49298,数学必修1,数学
45253,数学必修4（4）,数学
48613,无机化学实验,校本课程
48569,空竹(男),体育
45283,乒乓球中级（男）,体育
49301,政治必修1,思想政治
45341,社会调查,校本课程
45363,高中教育改革的现状和思考,校本课程
52219,生物选修1,生物
52636,国文基础阅读(文言文部分),语文
52333,中国现当代小说选读,语文
52548,化学选修2,化学
52195,化学选修5,化学
52237,The List,英语
52499,Short Stories 2,英语
52450,ruby程序设计,信息技术
52534,数学选修2-2,数学
52192,数学选修2-3,数学
52253,数学选修4-5,数学
52681,羽毛球中级,体育
52543,物理选修3-5,物理
50609,生物必修3,生物
50933,《唐诗三百首》赏读,语文
50552,唐宋词欣赏,语文
50751,化学选修1,化学
50754,化学选修4,化学
50721,The Book Thief,英语
50567,初级节奏欣赏与体验,艺术
50908,音响操作与现场录制,艺术
50478,地理必修3,地理
50948,数学必修3,数学
50571,数学选修2-1,数学
50712,足球初级,体育
50920,羽毛球初级,体育
50956,物理选修3-1,物理
50461,物理选修3-2,物理
50872,大学先修—电磁学,校本课程
50620,政治必修4,思想政治
47103,生物必修2（4）,生物
47509,化学必修2（2）,化学
47137,基础英语（Ender's Game)（1）,英语
47660,英语中级文学阅读（The Rosie Project）（2）,英语
47491,地理必修2（6）,地理
47299,男子田径,体育
47530,男女混合空竹初级,体育
47367,政治必修2（6）,思想政治
45413,多媒体技术（2）,信息技术
45258,数学必修4（9）,数学
48751,探秘机械传动,通用技术
45512,地板球初级（男）,体育
47105,生物选修3（2）,生物
47726,语文《鲁迅作品选读》（2）,语文
47714,语文《史记》人物传记选读（1）,语文
47513,化学选修2（1）,化学
47124,化学选修5（3）,化学
47610,数学选修2-2（2）,数学
47287,数学选修4-5,数学
47345,物理选修3-3,物理
47349,物理选修3-4（3）,物理
47632,物理选修3-5（2）,物理
47680,政治必修3（3）,思想政治
45365,《礼记》,语文
45188,化学选修1,化学
48254,化学选修4,化学
45201,英语初级文学阅读（3）,英语
45226,地理必修3,地理
45236,历史必修3,历史
45265,数学必修3（理）（7）,数学
48229,社区服务,社区服务
49198,叶广芩与90年代北京书写,语文
45160,空竹初级（1）,体育
48952,男女混合跆拳道,体育
48864,男子软式垒球,体育
49140,民乐体验与创编,艺术
48916,信息必修1,信息技术
49115,信息选修1,信息技术
49078,摄影,艺术
49188,英语必修4,英语
49144,数学选修4-1,数学
49184,英语必修1,英语
47959,男子足球1,体育
49187,通用必修1,通用技术
49185,通用必修2,通用技术
49186,英语必修2,英语
47849,探戈,艺术
49061,灯光操作（学段制）,艺术
49196,正心书院戏剧节剧组（学期制）,艺术
47595,生物选修1（7）,生物
47728,语文唐宋八大家文选（2）,语文
47756,语文《史记》人物传记选读（3）,语文
47127,化学选修5（6）,化学
47281,数学必修2-3（2）,数学
47300,男子田径,体育
45181,《唐诗三百首》赏读,语文
45186,化学选修1,化学
45227,地理必修3,地理
45264,数学必修3（理）（6）,数学
49074,历史必修3,历史
49170,书院杯篮球课,体育
45292,F班（特训）,体育
45298,物理选修3-2（1）,物理
45317,政治必修4（1）,思想政治
48288,粘土手工设计与制作,艺术
48057,男子篮球3,体育
48147,色彩课初级,艺术
49173,书院杯篮球训练课男生(诚意),体育
48571,男子篮球2,体育
49172,诚意书院戏剧节剧组（学期制）,艺术
47969,书籍设计,艺术
48835,男子羽毛球1,体育
47110,生物选修3（7）,生物
47763,语文中国现当代小说选,语文
47518,化学选修2（6）,化学
47655,英语中级文学阅读（Selection of Influential Speeches ）（3）,英语
47236,历史必修3（1）,历史
47615,数学选修2-2（7）,数学
47283,数学必修2-3（4）,数学
47351,物理选修3-4（5）,物理
47631,物理选修3-5（1）,物理
45122,生物必修3,生物
45130,《万历十五年》,语文
45187,化学选修1,化学
45369,英语中级文学阅读（6）,英语
45259,数学必修3（1）,数学
45303,物理选修3-2（6）,物理
48679,套色版画,艺术
49050,美术基础初级,艺术
48358,华尔兹,艺术
48508,男子田径,体育
48847,男子武术:散打1-刀,体育
52531,生物选修3,生物
52322,《史记》人物传记研读,语文
52516,化学选修2,化学
52203,化学选修5,化学
52217,The List,英语
52383,散打初级,体育
52696,空竹中级,体育
52232,物理选修3-4,物理
52213,政治必修3,思想政治
52487,自主科学实验,校本课程
50679,化学选修4,化学
50666,灯光设计,艺术
50807,空竹初级,体育
50623,物理选修3-3(热学研修),物理
52919,拓展活动,校本课程
50467,电子控制系统,综合技术
47138,基础英语（Ender's Game)（2）,英语
47657,英语中级文学阅读（The Glass Castle）（1）,英语
47188,致知书院舞蹈节剧组（学期）,艺术
47227,建筑及其设计,通用技术
47235,历史必修2（5）,历史
47549,男子乒乓球初级,体育
47337,男女混合空竹中级,体育
47340,物理必修2（1）,物理
45136,趣味化学实验设计,校本课程
45138,化学荣誉课程1,化学
45372,英语文学阅读1（1）,英语
45230,历史必修1,历史
48054,数学必修1,数学
45252,数学必修4（3）,数学
49120,《论语》研读,语文
312257,萨特，加缪，贝克特——存在主义与荒诞派文学研读,语文
312267,美国短篇小说选读,校本课程
312058,Spanish 6,校本课程
312227,性别与爱——家庭和校园中的性别现象,思想政治
55873,Short Stories Ⅰ,英语
56129,书院戏剧节,艺术
55953,历史必修3,历史
55994,希腊神话与悲剧研读,语文
56010,西方现代小说导读,语文
57003,Introduction to Linguistics,校本课程
57034,Spanish 5,校本课程
56038,数学建模,校本课程
57108,旱地冰球俱乐部,体育
55911,政治必修4,思想政治
52234,地理必修3,地理
52357,Jane Eyre,英语
57137,信息科学编程2,信息技术
52868,Spanish 4 Optional ELC,校本课程
52865,Latin 2,校本课程
51553,旱地冰球俱乐部,体育
52760,arduino互动创意设计,综合技术
50925,生物荣誉课程1,生物
50590,化学荣誉课程3,化学
50830,书院戏剧节,艺术
51451,Spanish 3,校本课程
51379,Latin 1,校本课程
50774,旱地冰球俱乐部,体育
50707,物理荣誉课程3,物理
47584,生物必修2（2）,生物
47719,语文《史记》人物传记选读（1）,语文
47715,语文西方古典名著选读（1）,语文
47130,化学荣誉课程2,化学
47143,英语中级文学阅读（短篇小说）（1）,英语
47218,地理必修2（4）,地理
47232,历史必修2（2）,历史
47793,Spanish 2 A,校本课程
47794,Spanish 2 B,校本课程
47475,Pride and Prejudice 导读,英语
47765,男女混合田径俱乐,体育
47627,物理必修2（3）,物理
45364,《圣经》四福音书与创世纪研读,语文
45193,英语文学阅读1（6）,英语
48213,平面设计(美术),艺术
49286,男子地板球1,体育
49252,欧阳修及他的时代,语文
45328,Frisbee Club,体育
45314,政治必修1（4）,思想政治
45401,明德书院戏剧节剧组学期课,艺术
45476,Spanish 1.1,其他
52501,生物选修3,生物
52331,《论语》研读,语文
52316,唐宋词欣赏,语文
52462,化学荣誉课程4,化学
52528,All the Light We Cannot See,英语
52250,英语基础语法,英语
51541,管乐团,艺术
52446,发动机模型与应用,通用技术
52523,数学选修2-2,数学
52209,数学选修2-3,数学
52526,政治必修3,思想政治
50512,红楼一梦,语文
50861,The Fault In Our Stars,英语
50548,管乐团,艺术
50477,地理必修3,地理
50582,历史必修3,历史
50982,人工智能及模式识别,信息技术
50463,物理选修3-2,物理
47742,语文《孟子》研读（3）,语文
47749,语文《唐诗三百首》赏读（2）,语文
47173,粘土手工设计与制作（中级）,艺术
47538,历史必修2（6）,历史
47606,数学必修2（7）,数学
45460,男、女混合地板球俱乐部1学年课,体育
47344,物理必修2（力学研修）（2）,物理
47675,政治必修2（3）,思想政治
45457,管乐团学年课,艺术
45257,数学必修4（8）,数学
49177,《礼记》,语文
49285,服装设计,通用技术
45294,物理必修1（1）,物理
45396,日语基础课程(2),校本课程
52422,演唱技巧(初级),艺术
52935,SpanishB,校本课程
52961,SpanishB,校本课程
52913,Calculus 1,校本课程
52354,美国的政治与法治,思想政治
50597,Selection of Biographies & Autobiographies,英语
50735,演唱技巧(中级),艺术
50581,历史必修3,历史
47589,生物选修1（1）,生物
47149,英语中级文学阅读（Selection of Influential Speeches ）（2）,英语
47175,演唱技巧中级1,艺术
47613,数学选修2-2（5）,数学
47338,艺术体操初级,体育
47678,政治必修3（1）,思想政治
45357,欧美流行音乐鉴赏,艺术
49069,女子地板球2,体育
47865,演唱技巧4,艺术
48961,编剧,艺术
47916,女子地板球1,体育
49091,校园歌曲编创,艺术
48314,演唱技巧1,艺术
48982,女子羽毛球1,体育
48843,演唱技巧2,艺术
52485,大学先修—中国古代文化,校本课程
52706,羽毛球高级,体育
52396,书院杯足球赛,体育
52895,物理选修1-1,物理
52541,政治选修3,思想政治
50586,唐宋八大家散文,语文
50513,红楼一梦,语文
50858,Divergent,英语
50673,插画,艺术
50901,吉他(初级),艺术
50476,地理必修3,地理
50927,烘焙技术,通用技术
50768,历史必修3,历史
50684,数学必修3,数学
50713,足球初级,体育
50819,书院篮球赛事,体育
50968,政治必修4,思想政治
50967,政治选修2,思想政治
47743,语文《唐诗三百首》赏读（1）,语文
47119,化学必修2（4）,化学
47536,历史必修2（4）,历史
47271,数学必修5（3）,数学
47322,女子足球中级,体育
45137,化学荣誉课程1,化学
45373,英语文学阅读1（10）,英语
45220,地理必修1,地理
45244,电视节目制作,信息技术
49318,影视导演课程,艺术
48523,女子足球1,体育
45278,田径（4）,体育
52540,生物选修3,生物
52318,唐宋八大家散文,语文
52225,Short Stories 1,英语
52513,数学选修2-2,数学
52370,羽毛球高级,体育
52912,arduino互动创意设计,综合技术
50803,《古文观止》选读,语文
50892,国文基础阅读(文言文部分),语文
50813,Everything I Never Told You,英语
50572,数学必修3,数学
50569,数学选修2-1,数学
50791,田径,体育
50624,物理选修3-1(电学研修),物理
50466,电子控制系统,综合技术
47725,语文《史记》人物传记选读（2）,语文
47668,英语中级文学阅读（The Fault in Our Stars）（2）,英语
47341,物理必修2（2）,物理
45376,木工结构连接技术,通用技术
47905,演唱技巧1,艺术
45155,足球中级（男）（2）,体育
45407,无伴奏人声合唱1学期课(1),艺术
312175,金刚经研读,语文
312064,航空航天知识入门,校本课程
312273,影视特效制作,信息技术
312037,Spanish 2,校本课程
56073,沙画表演,艺术
55995,《庄子》研读,语文
57004,Spanish I – Beginning Spanish,校本课程
56035,微积分1,校本课程
52549,生物选修3,生物
52226,化学选修5,化学
52711,书籍设计,艺术
52456,数学荣誉课程4,数学
52373,空竹初级,体育
52465,大学先修—力学,校本课程
52449,创意电子,综合技术
50700,生物必修3,生物
50722,The Unlikely Pilgrimage of Harold Fry,英语
50759,乒乓球初级,体育
50761,乒乓球中级,体育
47761,语文《老子》研读,语文
47156,英语中级文学阅读（Vicious 阅读欣赏）,英语
47486,地理必修2（1）,地理
47780,3D建模与动画制作,通用技术
47304,男子羽毛球中级,体育
47557,男女混合羽毛球高级,体育
47361,相对论,校本课程
45219,地理必修1,地理
45270,数学荣誉课程1(2),数学
49083,男子田径,体育
45151,软式垒球初级（男）,体育
47106,生物选修3（3）,生物
47122,化学选修5（1）,化学
47140,高二基础英语,英语
47211,摄影,艺术
47263,日语初级选修1,校本课程
45454,男、女混合跆拳道俱乐部,体育
47352,物理选修3-4（6）,物理
47636,物理选修3-5（6）,物理
45509,化学选修1,化学
49169,《孟子》研读,语文
48303,历史必修3,历史
49143,女子空竹,体育
48091,英语文学阅读5,英语
48142,女子跆拳道1,体育
48306,平面设计(美术),艺术
49189,英语必修3,英语
49195,正心书院舞蹈节剧组(学期制),艺术
49199,女子空竹,体育
49108,研究性学习活动1,研究性学习活动
49133,戏剧表演,艺术
49146,高一新生适应与自我成长,校本课程
48659,女子乒乓球1,体育
48046,女子田径,体育
48300,柏拉图著作选读II,校本课程
52326,国文基础阅读(文言文部分),语文
52514,We were Liars,英语
52680,跆拳道中级,体育
52374,艺术体操中级,体育
52503,物理选修3-5·理研修,物理
50610,生物必修3,生物
50647,中国现当代小说选读,语文
50753,化学选修1,化学
50885,人工智能及模式识别,信息技术
50458,数学荣誉课程3,数学
50790,田径,体育
50649,跆拳道初级,体育
50618,政治必修4,思想政治
47587,生物必修2（5）,生物
47736,语文《古文观止》研读（1）,语文
47131,化学荣誉课程2,化学
47665,英语中级文学阅读（Vicious 阅读欣赏）（1）,英语
47229,室内设计（1）,通用技术
47534,历史必修2（2）,历史
47289,数学荣誉课程2（1）,数学
45455,舞蹈团学年课,艺术
45256,数学必修4（7）,数学
45339,Frisbee,体育
45386,大学先修中国通史(古代部分)(学期制),校本课程
52337,国文基础阅读(诗歌部分),语文
52643,基础写作,语文
52197,地理选修3,地理
52205,历史选修1,历史
52483,大学先修—中国通史古代部分,校本课程
52191,数学选修1-1,数学
52504,数学集合与函数,校本课程
52371,篮球初级,体育
50608,生物必修3,生物
50516,红楼一梦,语文
50738,混声合唱团,艺术
50687,数学选修1-2,数学
47120,化学必修2（5）,化学
47139,基础英语（Ender's Game)（3）,英语
47666,英语中级文学阅读（Vicious 阅读欣赏）（2）,英语
47576,欧美流行音乐赏析,艺术
47537,历史必修2（5）,历史
47677,政治必修2（5）,思想政治
45131,化学必修1,化学
52638,国文基础阅读(诗歌部分),语文
52321,中国现当代散文欣赏,语文
52202,The Joy Luck Club,英语
52561,数学选修4-1,数学
52247,数学选修4-4,数学
50611,生物必修3,生物
50642,中国现当代小说选读,语文
50816,The Kite Runner,英语
50926,烘焙技术,通用技术
50764,历史必修3,历史
50710,足球初级,体育
50952,物理选修3-1,物理
50965,政治必修4,思想政治
47755,语文《孟子》研读（3）,语文
47646,演讲与表达,艺术
47535,历史必修2（3）,历史
47255,avs滤镜与x264视频编码,信息技术
47574,男女混合羽毛球初级,体育
45345,水煮蛋设计工作室学年课,艺术
48684,编剧,艺术
49300,政治必修1,思想政治
47757,语文《唐诗三百首》赏读（3）,语文
47671,粘土手工设计与制作（初级）,艺术
47492,地理必修3,地理
47370,政治必修3（3）,思想政治
45127,唐宋八大家散文,语文
49136,男子乒乓球1,体育
48494,素描与造型基础(中级),艺术
48117,男子羽毛球3,体育
48289,美术基础初级,艺术
48717,男子篮球1,体育
52339,国文基础阅读(文言文部分),语文
52244,数学选修4-4,数学
52394,柔道中级,体育
52964,健身课,体育
52452,arduino互动创意设计,综合技术
51001,《孟子》研读,语文
50750,化学选修4,化学
50475,大学先修-地球科学概论,校本课程
50792,田径,体育
50633,创意电子,综合技术
47520,英语初级文学阅读（1）,英语
47155,英语中级文学阅读（The Glass Castle）（2）,英语
47191,明德书院舞蹈节剧组（学期）,艺术
47500,多媒体技术（2）,信息技术
45204,演唱技巧(中级),艺术
48551,地理必修1,地理
47999,《菊与刀》研读,思想政治
45156,柔道初级（女）,体育
312027,自然的馈赠：生物研究中的植物,校本课程
56112,戏剧表演,艺术
57141,混声合唱团,艺术
56007,电影经典研读(二),语文
56004,《霍乱时期的爱情》—加西亚·马尔克斯研读,语文
56017,近代中国女性与社会,历史
55669,英语写作,校本课程
56052,普通生物学,校本课程
52363,DNA生物技术及实验,校本课程
52360,汉字研究,语文
51550,混声合唱团,艺术
52666,《瓦尔登湖》研读,语文
52869,Fantasy and Science Fiction-Popular Culture and Philosophy 1,校本课程
52693,羽毛球中级,体育
52825,Nature observation by Mr.Ni.ELC,校本课程
52671,性别与社会——媒体中的性别呈现,思想政治
50874,素描(初级),艺术
50739,平面设计,艺术
50530,《边城》及其他-沈从文研读,语文
50998,中国手语,校本课程
50568,数学必修3,数学
50788,羽毛球初级,体育
50820,书院篮球赛事,体育
47112,生物荣誉课程2（2）,生物
47777,3D建模与动画制作,通用技术
47258,走出校园实用英文（1）,校本课程
47308,女子乒乓球初级,体育
45358,生物荣誉课程1,生物
45206,吉他(初级),艺术
45393,思考的力量批判型思维基础讲解与运用,校本课程
48984,女子柔道1,体育
45157,柔道中级（女）,体育
45296,物理必修1（3）,物理
52653,国文基础阅读(文言文部分),语文
52457,化学荣誉课程4,化学
52498,基础英语写作II,英语
52554,数学选修4-1,数学
52249,数学选修4-4,数学
50588,化学荣誉课程3,化学
50575,数学选修2-1,数学
50771,田径,体育
47764,语文中国现当代文学中的城市书写,语文
47152,英语中级文学阅读（The Rosie Project）（2）,英语
47198,戏剧表演,艺术
47558,女子地板球初级,体育
47547,女子篮球初级,体育
45179,鲁迅作品选读,语文
45232,历史必修1,历史
49303,物理必修1(力学),物理
45381,大学先修中国古代文化(学期制),校本课程
45456,钢琴演奏工作室（学期制）,艺术
312056,Animal Behavior,校本课程
312046,American Business Law and Ethics,校本课程
312060,Cybergraphics: Making Art with Photoshop,校本课程
56213,互动电子,通用技术
56008,《边城》及其他-沈从文研读,语文
56042,数学建模,校本课程
52921,Introduction to Economics,校本课程
52659,英语写作,英语
52353,希腊神话与悲剧研读,语文
50882,生物荣誉课程1,生物
50847,戏剧社,艺术
50898,健美操初级,体育
47672,粘土手工设计与制作（初级）,艺术
47603,数学必修2（4）,数学
47273,数学必修5（5）,数学
47570,女子田径,体育
47342,物理必修2（3）,物理
45451,戏剧社学年课,艺术
45118,美国BSCS生物实验课程1,校本课程
45224,地理必修1,地理
49095,数学必修1,数学
45254,数学必修4（5）,数学
45513,地板球初级（女）,体育
52238,Short Stories 1,英语
52692,跆拳道中级,体育
52400,书院杯足球赛,体育
50510,鲁迅作品选读,语文
50457,数学荣誉课程3,数学
50778,大学先修—微积分1,校本课程
50772,旱地冰球初级,体育
50648,跆拳道初级,体育
50625,物理选修3-2(电学研修),物理
50622,物理选修3-3(热学研修),物理
47667,英语中级文学阅读（The Fault in Our Stars）（1）,英语
47290,数学荣誉课程2（2）,数学
47317,男女混合足球赛事,体育
45211,戏剧表演,艺术
45152,软式垒球初级（女）,体育
47594,生物选修1（6）,生物
47107,生物选修3（4）,生物
47126,化学选修5（5）,化学
47611,数学选修2-2（3）,数学
47282,数学必修2-3（3）,数学
47545,男女混合空竹中级,体育
47369,政治必修3（2）,思想政治
47932,女子田径,体育
45490,乒乓球高级（男女混合）,体育
45320,政治必修4（4）,思想政治
49080,演唱技巧3,艺术
48969,女子乒乓球2,体育
49123,美国BSCS生物实验I,校本课程
49137,戏剧表演,艺术
48092,女子武术:防身术2-太极拳,体育
48792,民乐体验与创编,艺术
48656,演唱技巧（学段制）,艺术
49197,4单元足球杯女足（行知学院）,体育
53018,地理高考复习3,校本课程
53019,地理高考复习4,校本课程
53020,历史高考复习3,校本课程
53021,历史高考复习4,校本课程
53026,政治高考复习3,校本课程
53027,政治高考复习4,校本课程
53008,地理高考复习1,校本课程
53009,地理高考复习2,校本课程
53006,历史高考复习1,校本课程
53007,历史高考复习2,校本课程
53004,政治高考复习1,校本课程
53005,政治高考复习2,校本课程
47512,化学选修1,化学
47147,英语中级文学阅读（The Unlikely Pilgrimage of Harold Fry ）（3）,英语
47221,地理选修3（3）,地理
47494,地理选修5（1）,地理
47239,历史选修3（1）,历史
47539,历史选修4（1）,历史
47279,数学选修1-1（2）,数学
47526,集合与函数（2）,校本课程
47563,女子乒乓球初级,体育
47682,政治选修3（5）,思想政治
45161,历史选修1,历史
45267,数学选修1-2（文）（2）,数学
48089,物理选修1-1,物理
48852,数学必修3,数学
45321,政治选修2（1）,思想政治
48579,套色版画,艺术
48283,粘土手工设计与制作,艺术
48584,女子地板球2,体育
49067,吉他中级,艺术
48221,插画（学段制）,艺术
48742,音乐剧剧目（学期制）,艺术
48605,女子乒乓球1,体育
48035,柏拉图著作选读I,校本课程
48291,女子空竹1,体育
47123,化学选修5（2）,化学
47148,英语中级文学阅读（Selection of Influential Speeches ）（1）,英语
47219,地理必修3（1）,地理
47238,历史必修3（2）,历史
47265,中国古代文化,校本课程
47302,男女混合田径俱乐,体育
47637,物理选修3-5（7）,物理
45185,远古的蹏迒——《说文解字》研读,语文
45165,无机化学实验（2）,校本课程
45205,演唱技巧(中级),艺术
45246,日语初级选修,校本课程
49072,男子软式垒球,体育
48167,《史记》人物选读与探究,语文
49047,英语文学阅读5,英语
48479,北京的变迁,校本课程
48009,男子乒乓球2,体育
49064,高中物理拓展实验I,校本课程
48232,男子武术:散打1-刀,体育
49071,物理选修3-3,物理
48437,男子地板球1,体育
47890,戏剧表演（学段制),艺术
48607,男子排球1,体育
47206,电影艺术基础,艺术
48615,女子篮球1,体育
48295,女子跆拳道1,体育
49138,女子排球1,体育
49119,民乐体验与创编小组,艺术
52478,生物荣誉课程2,生物
52391,乒乓球初级,体育
52683,乒乓球中级,体育
52242,物理选修3-4,物理
52551,物理选修3-5,物理
50976,舞蹈团,艺术
50795,田径,体育
50805,空竹初级,体育
50464,物理选修3-1,物理
47737,语文《红楼梦》赏读（3）,语文
47501,服装设计,通用技术
47604,数学必修2（5）,数学
47277,数学必修5（9）,数学
47562,女子篮球中级,体育
47485,当法律遇到爱阅读《李尔王》,语文
48242,女子跆拳道1,体育
45290,跆拳道中级（女）,体育
47104,生物选修3（1）,生物
47150,英语中级文学阅读（Selection of Influential Speeches ）（3）,英语
47609,数学选修2-2（1）,数学
48101,女子武术、防身术1、剑,体育
49051,插画初级,艺术
48880,民乐团(学期制),艺术
49057,民乐体验与创编2,艺术
1016611,社区服务6(2018届),社区服务
1016613,研究性学习6(2018届),研究性学习活动
1016615,社会实践6(2018届),社会实践
1005407,语文高考复习1,校本课程
1010204,语文高考复习2,校本课程
350452,社区服务5(2018届),社区服务
1005417,英语高考复习1,校本课程
1010210,英语高考复习2,校本课程
1005429,地理高考复习1,校本课程
1010194,地理高考复习2,校本课程
1005431,历史高考复习1,校本课程
1010196,历史高考复习2,校本课程
1005423,数学高考复习1,校本课程
1010216,数学高考复习2,校本课程
1005433,政治高考复习1,校本课程
1010198,政治高考复习2,校本课程
312181,国文基础阅读(诗歌部分),语文
312220,基础写作(议论文专题),写作
307630,公民课程,校本课程
311737,化学选修1（文）,化学
311806,Short Stories Ⅲ,英语
311778,地理必修3,地理
311826,地理选修3,地理
311805,地理选修5,地理
311719,历史选修1,历史
311821,历史选修4,历史
312276,旱地冰球初级,体育
312088,男子羽毛球初级,体育
311810,物理选修1-1,物理
311782,政治必修3,思想政治
311783,政治选修3,思想政治
55924,生物必修3,生物
55626,基础写作,写作
57089,公民课程,校本课程
55871,Short Stories Ⅰ,英语
55941,Short Stories Ⅱ,英语
55797,地理必修1,地理
55881,历史必修3,历史
318276,研究性学习3(2018届),研究性学习活动
56241,计算机动画设计与制作,信息技术
55886,数学必修3,数学
55965,数学选修1-2,数学
55895,数学选修2-1,数学
56165,软式棒垒球初级,体育
57102,健身课,体育
55916,政治必修4,思想政治
55985,政治选修2,思想政治
321612,社会实践3(2018届),社会实践
52258,生物必修2,生物
52635,中国现当代散文欣赏,语文
51522,公民课程,校本课程
52308,化学必修2,化学
52265,The Chronicles of Narnia,英语
52613,地理必修2,地理
57097,研究性学习2(2018届),研究性学习活动
52574,数学必修2,数学
52303,数学必修5,数学
52605,物理必修2,物理
52292,政治必修2,思想政治
53028,心智活动,校本课程
50959,生物必修1,生物
50456,化学必修1,化学
50691,人工智能及模式识别,信息技术
50941,数学必修4,数学
50545,物理必修1,物理
50619,政治必修4,思想政治
324879,军训(2018届),社会实践
47721,语文《鲁迅作品选读》（2）,语文
47117,化学必修2（2）,化学
47659,英语中级文学阅读（The Rosie Project）（1）,英语
47217,地理必修2（3）,地理
47233,历史必修2（3）,历史
47375,中国通史古代部分,校本课程
47324,男子篮球初级,体育
47546,男子篮球中级,体育
45175,生物必修1,生物
45342,《清平山堂话本》研读,语文
45144,高一英语基础课（3）,英语
45344,平面设计,艺术
48868,书院自治工作坊(学期制),校本课程
45405,格物书院戏剧节剧组学期课,艺术
312045, Ecology and Evolution,校本课程
307605,English Humanity Seminar 3,校本课程
312350,沙画表演,艺术
312328,书院舞蹈节,艺术
307617,IRP 3,校本课程
312035,Statistics Projects,校本课程
312043,Calculus — From Derivatives to Integrals,校本课程
307639,足球俱乐部,体育
56998,International Macro Economics II,校本课程
57005,English Humanity Seminar 3,校本课程
57033,Media workshop,校本课程
57025,IRP 3,校本课程
55690,中国手语,校本课程
57041,Stats: modeling the world,校本课程
57110,足球俱乐部,体育
52857,周易,校本课程
51520,公民课程,校本课程
51583,English Humanity Seminar 2,校本课程
52496,书院舞蹈节,艺术
52967,IRP 2,校本课程
52858,Calculus 1,校本课程
52830,"Age of Enlightenment: Self, Society, and Justice",校本课程
52838,Politics and Media,校本课程
47696,公民课程,校本课程
51416,Chemistry-third science,校本课程
50562,初级节奏欣赏与体验,艺术
50907,音响操作与现场录制,艺术
51387,Integrated Maths 2,校本课程
47396,Biology 1.4 SL,生物
47395,Chinese/Humanities 1.1,语文
47447,English/Humanities 1.4,英语
47479,编剧,艺术
47410,Modern World History 1.4,历史
47423,Integrated Math 1.4 SL,数学
47470,Physics 1.2 SL,物理
45216,摄影,艺术
48527,理解传统中国,思想政治
52509,生物选修3,生物
52527,We were Liars,英语
52555,数学选修4-1,数学
52251,数学选修4-4,数学
50701,生物必修3,生物
50645,《论语》研读,语文
50508,鲁迅作品选读,语文
50905,建筑及其设计,通用技术
50574,数学必修3,数学
50964,政治必修4,思想政治
47740,语文西方古典名著选读（2）,语文
47260,实用日语（学期）,校本课程
47673,政治必修2（1）,思想政治
45180,《孟子》研读,语文
45212,电影艺术基础,艺术
52631,唐宋八大家散文,语文
52319,红楼一梦,语文
52194,The Joy Luck Club,英语
52425,摄影,艺术
52695,乒乓球初级,体育
52378,跆拳道初级,体育
52207,物理选修3-4研修,物理
50893,《史记》人物传记研读,语文
50728,中国现当代散文欣赏,语文
47698,公民课程,校本课程
50711,足球初级,体育
47490,地理必修2（5）,地理
45514,民乐团学年课,艺术
45374,英语文学阅读1（11）,英语
45222,地理必修1,地理
45233,历史必修1,历史
49037,人类的群星闪耀时,语文
52340,美学散步,语文
52537,Short Stories 2,英语
52441,建筑及其设计,通用技术
52304,历史必修2,历史
50506,《论语》研读,语文
50755,化学选修1,化学
50828,书院戏剧节,艺术
50888,软式棒垒球初级,体育
47102,生物必修2（3）,生物
47727,语文《红楼梦》赏读（2）,语文
47162,演讲与表达,艺术
47167,素描（中级）,艺术
47607,数学必修2（8）,数学
47332,男子柔道初级,体育
47674,政治必修2（2）,思想政治
45242,算法与程序设计（VB）（2）,信息技术
48127,思考的力量:批判型思维基础讲解与运用,校本课程
47590,生物选修1（2）,生物
47747,语文现当代散文名作欣赏（3）,语文
47519,化学选修2（7）,化学
47326,男子篮球初级,体育
47325,男子篮球中级,体育
45121,生物必修3,生物
45107,化学选修1,化学
49147,男子乒乓球1,体育
45279,羽毛球初级（男）,体育
48786,男子乒乓球2,体育
49166,戏剧表演,艺术
49159,男子篮球2,体育
48971,男子田径,体育
47523,吉他（初级）,艺术
47353,物理选修3-4（7）,物理
47368,政治必修3（1）,思想政治
45389,英语初级文学阅读（2）,英语
48909,书院杯篮球课,体育
45299,物理选修3-2（2）,物理
45402,灯光操作学期课,艺术
48570,数学选修4-5,数学
49043,书院杯篮球训练课男生(格物),体育
48808,物理选修3-3,物理
48421,男子乒乓球1,体育
55634,鲁迅作品选读,语文
56245,Java程序设计,信息技术
55793,英语写作,校本课程
57116,羽毛球俱乐部,体育
52654,美学散步,语文
51554,羽毛球俱乐部,体育
52665,《叫魂1768年中国妖术大恐慌》导读,思想政治
51329,Biotechnology,校本课程
50993,《古文观止》选读,语文
50992,C语言程序设计,信息技术
50789,羽毛球俱乐部,体育
50640,自杀与美好生活《浮生取义》导读,思想政治
47205,电影艺术基础,艺术
47489,地理必修2（4）,地理
47355,物理荣誉课程2（2）,物理
45308,物理荣誉课程1（2）,物理
47516,化学选修2（4）,化学
47663,英语中级文学阅读（The Unlikely Pilgrimage of Harold Fry ）（1）,英语
47160,英语高级文学阅读（Everything I Never Told You）（3）,英语
47635,物理选修3-5（5）,物理
45182,《唐诗三百首》赏读,语文
48307,北大人文讲堂,校本课程
49059,格物书院戏剧节剧组（学期制）,艺术
48985,平面设计(美术),艺术
48120,男子羽毛球2,体育
49084,高中物理拓展实验II,校本课程
49085,高中物理拓展实验I,校本课程
49082,男子乒乓球1,体育
47240,历史选修3（2）,历史
47525,集合与函数（1）,校本课程
47565,女子乒乓球中级,体育
47548,女子篮球中级,体育
47683,政治选修3（6）,思想政治
45371,《孟子》研读,语文
45162,历史选修1,历史
45266,数学选修1-2（文）（1）,数学
45287,足球初级（女）,体育
45322,政治选修2（2）,思想政治
48296,女子田径,体育
49118,信息选修2,信息技术
312249,影视特效制作,信息技术
56220,结构及设计,通用技术
52723,粘土手工设计与制作(中级),艺术
52672,性别研究,校本课程
52453,APP应用开发(初级),信息技术
52761,APP应用开发(高级),信息技术
52233,数学选修2-3,数学
52361,性别与爱——家庭和校园中的性别现象,思想政治
50827,书院戏剧节,艺术
50758,乒乓球初级,体育
50762,乒乓球中级,体育
47767,语文《唐宋词选读》,语文
47165,服饰文化研究,艺术
47598,书籍设计,艺术
47199,音响操作与现场录制,艺术
47689,综合地理科学2（1）,地理
47276,数学必修5（8）,数学
47550,男子乒乓球初级,体育
47336,男女混合空竹初级,体育
49270,《梁启超与中国近代思想》,历史
45539,健身课,体育
52223,物理选修3-4研修,物理
50727,中国现当代散文欣赏,语文
50720,The Unlikely Pilgrimage of Harold Fry,英语
50995,英语语法,英语
50549,钢琴演奏工作室3(学期),艺术
50765,历史必修3,历史
50950,数学必修3,数学
50951,数学选修2-1,数学
50808,空竹初级,体育
47759,语文《史记》人物传记选读（2）,语文
47510,化学必修2（3）,化学
47555,男子田径,体育
47364,政治必修2（3）,思想政治
45209,西方音乐史,艺术
45166,北大科学讲堂,校本课程
47575,女子软式垒球初级,体育
45319,政治必修4（3）,思想政治
47820,微观经济学,校本课程
48588,女子地板球3,体育
48664,女子地板球1,体育
48281,女子武术、防身术1、剑,体育
50551,《孟子》研读,语文
50532,《瓦尔登湖》研读,语文
50639,中国法律与中国社会,思想政治
47745,语文《论语》研读,语文
47768,语文《唐宋词选读》,语文
47278,数学选修1-1（1）,数学
47373,元培政治学（1）,思想政治
47773,《经济学原理》（宏观部分）,思想政治
47846,法律是什么？,思想政治
48660,三国演义vs三国志,语文
49204,生物荣誉课程2(学段制),生物
45349,《理解国际冲突》导读,思想政治
48873,数学必修5-SL,数学
48791,英语必修3-SL,英语
48892,生物必修1(SL),生物
49238,无机化学3(SL),化学
48857,男子排球1,体育
49215,物理必修1-HL,物理
48781,中外古代史,历史
49243,数学必修1-SL,数学
49205,数学必修4-SL,数学
49240,英语必修2-SL,英语
49223,自然地理学,地理
49113,男子地板球1,体育
49102,编剧,艺术
48563,男子篮球1,体育
47220,地理选修3（2）,地理
47226,服装设计（2）,通用技术
47268,The Great Gatsby 导读,英语
45184,十九种凝视——《古诗十九首》研读,语文
45249,矩阵与变换,校本课程
48013,数学选修4-5,数学
47921,The Happy Prince and Other Tales 导读,英语
45293,类比的哲学物理学研究,物理
45394,情绪与压力管理,校本课程
48016,研究性学习活动3,研究性学习活动
48259,女子柔道1,体育
48134,政治必修3,思想政治
48488,物理选修3-4,物理
48489,插画中级,艺术
48486,数学选修2-1,数学
48141,英语必修5,英语
48477,美术基础（学段制）,艺术
47851,生物必修3,生物
48272,历史必修3,历史
48478,女子地板球2,体育
47970,数学必修3,数学
48482,地理必修3,地理
47924,社会实践2,社会实践
48483,语文必修5,语文
48480,女子足球1,体育
48326,政治必修4,思想政治
47908,心智培训,校本课程
47223,综合地理科学1（2）,地理
47247,聊斋志异研读,语文
47766,Web 开发技术——Ruby 实现,信息技术
45248,中学数学建模,校本课程
48304,工笔画初级,艺术
48876,男子软式垒球,体育
48877,男子田径,体育
48002,数学选修2-1,数学
48831,男子羽毛球2,体育
48308,研究性学习活动2,研究性学习活动
47840,数学必修3,数学
48184,历史必修2,历史
48297,高一新生适应与自我成长,校本课程
48193,历史必修1,历史
48182,物理必修1,物理
47711,语文《鲁迅作品选读》（1）,语文
47159,英语高级文学阅读（Everything I Never Told You）（2）,英语
47495,地理选修5（2）,地理
47540,历史选修4（2）,历史
47303,女子羽毛球中级,体育
48322,文化地理专题,地理
49103,发明与制作,校本课程
49212,英语必修4-HL,英语
49093,高中物理拓展实验II,校本课程
48870,生物必修1(SL),生物
48011,性别研究,校本课程
48777,书院杯篮球训练课女生(元培),体育
49256,通用技术必修2,通用技术
48906,数学必修1-SL,数学
49249,数学必修4-SL,数学
49206,元培书院戏剧节剧组（学期制）,艺术
49216,化学必修1HL,化学
307612,English Humanity Seminar 3,校本课程
312057,Introduction to the Middle East Refugee Crisis,校本课程
57021,English Humanity Seminar 3,校本课程
57023,IRP 3,校本课程
57016,Beyond Beauty: Wisdom of the Ages from the World of Poetry,校本课程
57027,Simone de Beauvoir,校本课程
52846,Seven elements of art,校本课程
52852,二十世纪外国小说选读,校本课程
51603,Chemistry 2,校本课程
52827,History of western music,校本课程
52873,极限飞盘,体育
50978,现代舞体验课,艺术
50576,编剧,艺术
50913,摄影,艺术
51367,Dream Deferred: The Power and Limitations of Social Activism in our Era of the New Jim Crow and Colo,校本课程
51368,The Rise and Fall of Rome,校本课程
51388,Integrated Maths 2,校本课程
51492,健身课,体育
47437,Chinese/Humanities 1.5,语文
47421,English/Humanities 1.5,英语
47448,Modern World History 1.5,历史
47399,Integrated Math 1.2 HL,数学
47426,Track 1.1,体育
45398,新民书院戏剧节剧组学期课,艺术
52847,"Painting from Nature, Watercolor and Ecology",校本课程
51588,English Humanity Seminar 3,校本课程
51537,柔道俱乐部,体育
51323,Painting,校本课程
51355,English Humanity Seminar 3,校本课程
51424,Mine craft,校本课程
50452,柔道俱乐部,体育
47445,Humanities 2.3,/
45461,男、女混合 柔道俱乐部1学年课,体育
48215,素描与造型基础(初级),艺术
45325,心灵减压课,校本课程
45391,大学先修课普通地质学(学期制),校本课程
45379,Chemistry 1A.1 HL,化学
45422,Humanities 2.3,/
45167,Integrated Math 2.3 SL,数学
45420,International Politics,思想政治
45440,Speak Up!,其他
47896,男子柔道1,体育
51446,语文I(学期课),语文
49278,生物必修1,生物
49275,数学I(学期制),数学
51585,English Humanity Seminar 3,校本课程
51419,Statistics and Probability 1,校本课程
51409,Fantasy & SciFi,校本课程
47444,Humanities 2.1,校本课程
45380,Chemistry 1A.2 SL,化学
45419,Humanities 2.1,/
45482,Integrated Math 2.4 SL,数学
45429,Conceptual Oil Painting,艺术
45428,Pencil and Charcoal Drawing,艺术
48309,女子篮球1,体育
307614,IRP 3,校本课程
314137,Game Theory,校本课程
307650,Track & Field,体育
56994,Animal Behavior,校本课程
57026,IRP 3,校本课程
57038,Statistics: Open the Toolbox of Scientists,校本课程
57128,Track & Field,校本课程
52184,Biology 2,校本课程
51580,English Humanity Seminar 2,校本课程
52343,基础日语(上),校本课程
52837,Track & Field,体育
51418,Food Culture,校本课程
51399,飞盘俱乐部,校本课程
51493,Track & Field,体育
51413,Entrepreneurship 1,校本课程
47469,Chemistry 1.4 SL,化学
47431,Integrated Math 1.5 SL,数学
49104,男子羽毛球1,体育
52916,基础写作,语文
52722,沙画表演,艺术
52522,数学集合与函数,校本课程
52709,空竹初级,体育
50909,音响操作与现场录制,艺术
50578,配音,艺术
50474,地理必修3,地理
50991,C语言程序设计,信息技术
50853,数学必修4,数学
50823,书院篮球赛事,体育
47521,英语初级文学阅读（2）,英语
47253,简单学JAVA,信息技术
47605,数学必修2（6）,数学
47561,女子篮球初级,体育
45276,田径（2）,体育
45395,日语基础课程(1),校本课程
52732,国乐欣赏与体验,艺术
52200,数学选修2-3,数学
52558,数学选修4-1,数学
52367,田径,体育
52703,足球中级,体育
50599,Selection of Biographies & Autobiographies,英语
50614,APP应用开发(初级),信息技术
50500,篮球俱乐部,体育
50709,近代物理中的理论推导,校本课程
50708,近代物理理论应用,校本课程
47314,男女混合足球赛事,体育
45353,红楼一梦,语文
45208,吉他(中级),艺术
48872,生物必修1,生物
47746,语文唐宋八大家文选（3）,语文
47128,化学选修5（7）,化学
47311,女子乒乓球中级,体育
48860,女子软式垒球,体育
47962,美术基础,艺术
48691,黑白版画,艺术
48018,女子空竹2,体育
47760,语文《唐诗三百首》赏读（3）,语文
47146,英语中级文学阅读（The Unlikely Pilgrimage of Harold Fry ）（2）,英语
47256,日语2（学期课）,校本课程
47321,男子足球中级,体育
45368,英语初级文学阅读（1）,英语
48606,男子足球2,体育
48903,声乐表演,艺术
48098,影视制作技能与编导-纪录片方向,艺术
49178,大学先修计算概论,校本课程
49200,4单元足球杯男足（行知学院）,体育
47305,男女混合羽毛球高级,体育
45268,数学选修4-5,数学
45150,羽毛球高级（男女混合）,体育
48292,女子排球1,体育
48593,女子羽毛球1,体育
48318,女子健美操、瑜伽2,体育
48889,舞蹈剧组（学期制）,艺术
48022,社会实践2,社会实践
52697,散打初级,体育
52535,物理选修3-5·理研修,物理
50511,鲁迅作品选读,语文
50848,发动机模型与应用,通用技术
47522,英语初级文学阅读（3）,英语
47676,政治必修2（4）,思想政治
52556,数学选修4-1,数学
52562,数学选修4-5,数学
52704,足球初级,体育
50688,数字素养,信息技术
50822,书院篮球赛事,体育
47577,区域地理,地理
47250,多媒体技术（1）,信息技术
52730,素描(中级),艺术
52430,编剧,艺术
52420,摄影,艺术
52745,网络安全,信息技术
52864,Spanish 2 Optional ELC,校本课程
52831,Writing Poetry,校本课程
52694,篮球高级,体育
50531,《诗经》研读,语文
50496,大学先修—概率统计,校本课程
51411,Propaganda and Power,校本课程
47651,英语高级文学阅读（Everything I Never Told You）（1）,英语
47222,综合地理科学1（1）,地理
47690,综合地理科学2（2）,地理
47776,建筑模型设计俱乐,通用技术
47257,中国手语,校本课程
47384,自杀与美好生活《浮生取义》导读,语文
45517,生物荣誉课程2,生物
45139,化学荣誉课程3 HL,化学
45510,素描(初级),艺术
45239,中国近现代史（2）,历史
45272,数学荣誉课程3HL,数学
45424,Love and Humanity,英语
49221,数学必修2-SL,数学
49207,无机化学4(HL),化学
48027,摄影,艺术
49203,无机化学3-HL,化学
49214,无机化学2-HL,化学
49210,通用必修1,通用技术
49209,物理必修2-HL,物理
52411,编剧,艺术
52762,机械工程,通用技术
51545,服装俱乐部,通用技术
52347,基础日语(下),校本课程
52915,Mixed Media,校本课程
50876,色彩,艺术
50875,素描(中级),艺术
50730,演唱技巧(初级),艺术
50671,服装俱乐部,通用技术
51007,日语基础课程,校本课程
51376,Spanish Level 1,校本课程
47114,元培生物SL4（2）,生物
47132,化学荣誉课程4HL,化学
47142,英语初级文学阅读（Looking For Alaska ）（2）,英语
47296,微积分2（2）,校本选修
47482,初等概率论,校本课程
45462,男、女混合羽毛球俱乐部1学年课,体育
45367,生物荣誉课程2,生物
45217,摄影,艺术
48698,理论生态学与建模,校本课程
49244,物理选修3-1-HL,物理
49245,生物必修1(SL),生物
48149,女子羽毛球3,体育
48968,女子羽毛球2,体育
49323,插画,艺术
47542,林传甲《中国文学史》,校本课程
45124,生物荣誉课程2,生物
45198,英语中级文学阅读（2）,英语
45323,元培经济学（1）,思想政治
52218,化学选修5,化学
50598,Selection of Influential Speeches,英语
50570,数学必修3,数学
47170,平面设计,艺术
47581,摄影,艺术
47619,算法与程序设计（VB）（1）,信息技术
47626,物理必修2（2）,物理
45143,高一英语基础课（2）,英语
45511,素描(初级),艺术
45228,产品设计工作室（2）,通用技术
48357,男子羽毛球2,体育
45280,羽毛球高级（男）,体育
307649,飞盘俱乐部,体育
57127,飞盘俱乐部,体育
56997,Politics in the age of Big Media,校本课程
52835,International Macroeconomics,校本课程
52863,Advanced STATISTICS,校本课程
52872,飞盘俱乐部,体育
51408,Economics An Introductory Course,校本课程
51430,极限飞盘,校本课程
47468,Biology 1.3 SL,生物
47422,Modern World History 1.1,历史
47411,Integrated Math 1.3 SL,数学
45333,Track/Cross Country 1.1,体育
45326,书院自治会工作坊,校本课程
47197,戏剧表演,艺术
47245,性别研究,校本课程
47380,生物科学实验,生物
48632,流行乐队演奏(学期制),艺术
48700,书院杯篮球训练课男生(元培),体育
48759,生物必修2(SL),生物
47977,英语必修5-SL,英语
48760,数学必修3-HL,数学
48224,男子排球2,体育
48116,语文必修5-SL,语文
48766,数学选修2-1 HL,数学
47973,物理选修3-3,物理
48255,音响操作与现场录制（学段制）,艺术
48768,无机化学4(HL),化学
48711,生物必修1(SL),生物
48335,舞蹈(牛仔舞),艺术
48770,物理选修3-1-SL,物理
48715,物理必修1-SL,物理
47163,欧美流行音乐赏析,艺术
47771,经济学原理,思想政治
45351,性别研究,校本课程
45247,林传甲《中国文学史》,校本课程
45355,Pride and Prejudice 导读（2）,英语
48203,物理选修3-4,物理
48230,男子排球3,体育
48074,地理必修3,地理
47935,心灵减压课,校本课程
47915,数学选修2-1,数学
48214,英语必修5,英语
48208,生物必修3,生物
47954,历史必修3,历史
48226,物理选修3-1,物理
48217,数学必修3,数学
48228,化学选修4,化学
48144,语文必修5,语文
48078,物理选修3-3,物理
48220,政治必修4,思想政治
48231,男子排球1,体育
48216,高中物理拓展实验I,校本课程
48169,通用必修2,通用技术
48187,生物必修2,生物
48223,摄影,艺术
48197,地理必修1,地理
48181,生物必修1,生物
52188,生物选修1,生物
52529,化学选修2,化学
52544,数学选修2-2,数学
52398,书院杯足球赛,体育
52235,政治必修3,思想政治
50994,《古文观止》选读,语文
50674,化学选修1,化学
50573,数学选修2-1,数学
50502,篮球初级,体育
50787,羽毛球初级,体育
50955,物理选修3-2,物理
47735,语文现当代散文名作欣赏（2）,语文
45240,软件开发（TIC社团课）,信息技术
49293,英语必修1,英语
45277,田径（3）,体育
47113,元培生物SL4（1）,生物
47133,化学荣誉课程4SL,化学
47172,粘土手工设计与制作（中级）,艺术
45126,唐宋八大家散文,语文
45147,服装设计,通用技术
45238,中国近现代史（1）,历史
47964,元培历史地理,地理
48106,电影艺术基础,艺术
48121,C程序设计(学段制),信息技术
48124,男子羽毛球1,体育
48980,平面设计(美术),艺术
49257,信息技术必修1,信息技术
48755,男子地板球2,体育
47251,多媒体技术（2）,信息技术
45305,物理选修3-3（1）,物理
48769,物理选修3-5-HL,物理
48790,纸包装设计,校本课程
48789,生物必修3(SL),生物
48784,中国近现代史,历史
48156,数学必修3-SL,数学
47980,乒乓球初级(男),体育
48726,数学必修2-SL,数学
48758,性别研究,校本课程
52368,田径,体育
52220,政治必修3,思想政治
50444,电影艺术基础,艺术
50690,人工智能及模式识别,信息技术
47158,英语高级文学阅读（Everything I Never Told You）（1）,英语
47573,女子羽毛球初级,体育
47633,物理选修3-5（3）,物理
45336,英语高级文学阅读（1）,英语
45148,烘焙技术,通用技术
48350,The American Studies Anthology,思想政治
49081,女子武术:防身术1-剑,体育
49180,3单元足球杯女足（行知学院）,体育
48612,北京的变迁,校本课程
48087,女子地板球2,体育
45274,数学荣誉课程3SL(2),数学
45324,元培经济学（2）,思想政治
307606,English Humanity Seminar 3,校本课程
312059,The history of Modern European Warfare,校本课程
312052,左传,校本课程
57012,Studio Arts,校本课程
57006,English Humanity Seminar 3,校本课程
57145,戏剧社,艺术
57024,IRP 3,校本课程
51556,戏剧社,艺术
52840,"Shakespeare, Marlowe, and Johnson:UK  ELC",校本课程
52700,健身课,体育
52382,空竹初级,体育
52766,Physics-third science,校本课程
51336,Chinese Literature 红楼梦,校本课程
50746,粘土手工设计与制作(初级),艺术
50864,基础日语(上),校本课程
51397,Music Theory Aural Skill 1,校本课程
47408,English/Humanities 1.1,英语
47440,Integrated Math 1.1 HL,数学
47566,女子柔道初级,体育
47386,袁世凯与民国政治《袁氏当国》导读,语文
45489,英语中级文学阅读（8）,英语
45275,田径（1）,体育
48519,男子足球2,体育
48516,3单元足球杯男足（行知学院）,体育
48064,男子乒乓球2,体育
52350,《旧约圣经》研读,语文
52479,创意写作,语文
50743,水煮蛋设计工作室,艺术
50662,人间研究(非虚构写作),语文
47722,语文《红楼梦》赏读（2）,语文
45146,元培地貌学,地理
48495,元培文化地理,地理
45370,《生物技术入门—万能灵药，还是新潘多拉魔盒？》,校本课程
48622,数学与文化II,校本课程
48721,中国近现代史,历史
48003,服饰文化研究,艺术
48979,女子空竹,体育
48282,创想设计社团(学期制),艺术
49268,博雅书院戏剧节剧组（学期制）,艺术
48530,编剧,艺术
52408,音响操作与现场录制,艺术
52891,力学提高,校本课程
50902,吉他(初级),艺术
50911,摄影,艺术
52286,Ender's Game,英语
50607,APP应用开发(初级),信息技术
50863,基础日语(下),校本课程
50870,相对论,校本课程
47529,科幻文学概论,校本课程
47769,沈从文研读,语文
45213,电影艺术基础,艺术
48577,一个专业_一个世界(讨论课),校本课程
45453,纪录片创作---学期课(1),艺术
48280,社会学与中国社会,思想政治
48618,书院杯篮球训练课男生(博雅),体育
48902,物理选修3-3,物理
48867,灯光操作,艺术
307653,管乐团,艺术
307615,IRP 3,校本课程
312034,Seminar — Integrals and Differential Equations,校本课程
324934,Jazz Band,艺术
312111,女子排球初级,体育
312051,Gender and Social Norms in Films,校本课程
312049,Foundation-Beauty and Truth  美与真,校本课程
57140,管乐团,艺术
56989,Calculus 1,校本课程
57009,Jazz Band,校本课程
57008,Music History,校本课程
51581,English Humanity Seminar 2,校本课程
52914,Music Theory/Aural Skills II,校本课程
52854,Jazz Band,校本课程
51328,biology-third science,校本课程
50826,书院戏剧节,艺术
51390,Integrated Maths 2,校本课程
50651,跆拳道中级,体育
50499,书院篮球赛事,体育
47694,Chinese/Humanities 1.3,语文
47397,Chemistry 1.2 SL,化学
47420,English/Humanities 1.3,英语
47441,Modern World History 1.3,历史
50999,科幻文学概论,校本课程
47171,平面设计,艺术
47294,元培数学荣誉课程4SL,数学